edge_followed_by,edge_follow,username_length,username_has_number,full_name_has_number,full_name_length,is_private,is_joined_recently,has_channel,is_business_account,has_guides,has_external_url,is_fake
0.001,0.257,13,1,1,13,0,0,0,0,0,0,1
0.0,0.958,9,1,0,0,0,1,0,0,0,0,1
0.0,0.253,12,0,0,0,0,0,0,0,0,0,1
0.0,0.977,10,1,0,0,0,0,0,0,0,0,1
0.0,0.321,11,0,0,11,1,0,0,0,0,0,1
0.0,0.917,15,1,0,0,0,1,0,0,0,0,1
0.0,0.076,9,1,1,9,0,1,0,0,0,0,1
0.0,0.72,15,1,0,0,0,0,0,0,0,0,1
0.001,0.731,9,1,0,11,1,0,0,0,0,0,1
0.0,0.999,7,1,1,9,0,0,0,0,0,0,1
0.0,0.452,12,1,1,9,0,1,0,0,0,0,1
0.0,0.159,9,1,0,4,0,1,0,0,0,0,1
0.0,0.417,9,1,1,9,0,0,0,0,0,0,1
0.0,0.561,15,0,0,0,1,0,0,0,0,0,1
0.0,0.958,8,1,0,0,0,0,0,0,0,0,1
0.0,0.851,10,0,0,0,0,0,0,0,0,0,1
0.0,0.399,11,0,0,0,1,0,0,0,0,0,1
0.0,0.098,13,0,0,6,1,1,0,0,0,0,1
0.0,0.161,13,1,0,1,0,1,0,0,0,0,1
0.0,0.097,10,1,0,0,0,1,0,0,0,0,1
0.001,0.227,17,1,0,0,0,0,0,0,0,0,1
0.002,0.18,14,0,0,16,0,0,0,1,0,0,1
0.0,0.723,13,1,0,0,1,0,0,0,0,0,1
0.0,0.193,12,1,0,11,1,1,0,0,0,0,1
0.0,0.133,11,1,0,7,1,1,0,0,0,0,1
0.0,0.368,10,1,0,0,0,1,0,0,0,0,1
0.005,0.174,12,0,0,7,0,0,0,0,0,0,1
0.002,0.623,13,1,0,4,1,0,0,0,0,0,1
0.0,0.649,14,1,0,0,0,1,0,0,0,0,1
0.002,0.534,13,1,0,6,0,0,0,0,0,0,1
0.002,0.432,9,1,0,0,0,0,0,0,0,0,1
0.0,0.17,12,0,0,5,0,0,0,0,0,1,1
0.0,0.326,8,1,0,0,0,1,0,0,0,0,1
0.0,0.881,10,1,0,7,0,0,0,0,0,0,1
0.0,0.577,13,0,0,1,1,0,0,0,0,0,1
0.002,0.354,17,0,0,4,0,0,0,0,0,0,1
0.0,0.661,8,0,0,0,0,0,0,0,0,0,1
0.0,0.999,11,0,0,0,0,0,0,0,0,0,1
0.0,0.613,13,1,0,0,0,1,0,0,0,0,1
0.0,0.48,20,1,0,15,1,0,0,0,0,0,1
0.0,0.658,10,1,1,7,0,0,0,0,0,0,1
0.0,0.417,7,1,0,0,0,0,0,0,0,0,1
0.0,0.089,15,0,0,0,1,1,0,0,0,0,1
0.0,0.884,13,1,1,13,1,0,0,0,0,0,1
0.0,0.098,14,1,0,0,0,1,0,0,0,0,1
0.0,0.229,10,0,0,2,0,0,0,0,0,0,1
0.0,0.446,10,1,0,0,0,0,0,0,0,0,1
0.0,0.903,15,1,1,13,1,0,0,0,0,0,1
0.0,0.386,9,1,0,0,0,1,0,0,0,0,1
0.001,0.999,11,0,0,7,0,0,0,0,0,0,1
0.0,0.291,9,1,1,9,0,1,0,0,0,0,1
0.0,0.389,18,1,0,0,0,0,0,0,0,0,1
0.0,0.72,8,1,0,11,0,0,0,0,0,0,1
0.0,0.649,10,1,0,0,1,0,0,0,0,0,1
0.0,0.221,9,0,0,0,1,0,0,0,0,0,1
0.0,0.439,10,1,0,0,0,0,0,0,0,0,1
0.0,0.517,6,1,0,3,0,1,0,0,0,0,1
0.0,0.385,12,1,1,12,0,0,0,0,0,0,1
0.0,0.52,8,1,0,0,0,1,0,0,0,0,1
0.0,0.288,13,1,0,7,0,0,0,0,0,0,1
0.0,0.116,10,1,0,0,0,1,0,0,0,0,1
0.001,0.595,15,1,1,16,0,0,0,0,0,0,1
0.0,0.037,10,1,0,8,0,1,0,0,0,1,1
0.0,0.498,10,1,0,7,0,0,0,0,0,0,1
0.0,0.236,11,0,0,0,0,0,0,0,0,0,1
0.001,0.16,12,1,0,27,0,0,0,1,0,1,1
0.0,0.283,8,0,0,0,0,0,0,0,0,0,1
0.0,0.379,14,0,0,14,0,0,0,0,0,0,1
0.0,0.414,12,0,0,7,1,1,0,0,0,0,1
0.0,0.914,12,0,0,8,1,0,0,0,0,0,1
0.001,0.486,12,1,0,12,1,0,0,0,0,0,1
0.0,0.498,10,1,0,0,1,1,0,0,0,0,1
0.0,0.77,7,1,0,6,0,1,0,0,0,0,1
0.0,0.641,12,1,0,6,1,1,0,0,0,0,1
0.0,0.101,11,0,1,19,0,0,0,0,0,0,1
0.0,0.41,18,0,0,8,1,1,0,0,0,0,1
0.0,0.135,21,1,0,0,0,1,0,0,0,0,1
0.0,0.494,9,0,0,9,0,0,0,0,0,0,1
0.0,0.305,11,1,0,0,0,0,0,0,0,0,1
0.0,0.065,13,1,0,23,0,0,0,0,0,0,1
0.0,0.33,18,1,0,5,0,1,0,0,0,0,1
0.0,0.291,12,1,0,0,0,0,0,0,0,0,1
0.0,0.428,9,1,0,0,0,0,0,0,0,0,1
0.0,0.981,7,0,0,0,0,0,0,0,0,0,1
0.0,0.417,9,1,1,8,0,1,0,0,0,0,1
0.0,0.089,12,1,0,9,0,1,0,0,0,0,1
0.0,0.136,10,1,1,10,0,0,0,1,0,0,1
0.0,0.468,7,0,0,8,1,0,0,0,0,0,1
0.0,0.199,15,0,0,0,0,0,0,0,0,0,1
0.0,0.063,13,1,0,0,0,1,0,0,0,0,1
0.0,0.147,9,1,0,13,1,0,0,0,0,0,1
0.0,0.163,12,1,0,0,0,1,0,0,0,0,1
0.0,0.781,11,1,0,8,0,0,0,0,0,0,1
0.0,0.335,12,1,0,0,0,0,0,0,0,0,1
0.0,0.762,9,1,0,5,1,0,0,0,0,0,1
0.002,0.356,7,0,0,15,0,1,0,0,0,0,1
0.008,0.748,14,0,0,15,0,0,0,0,0,0,1
0.0,0.127,7,0,0,0,0,1,0,0,0,0,1
0.0,0.424,11,1,1,12,1,1,0,0,0,0,1
0.0,0.135,10,1,0,0,0,0,0,0,0,0,1
0.0,0.184,13,1,1,12,0,1,0,0,0,0,1
0.0,0.472,9,1,1,9,0,0,0,0,0,0,1
0.0,0.604,13,1,0,0,0,0,0,0,0,0,1
0.003,0.608,26,0,0,0,0,0,0,0,0,0,1
0.0,0.326,8,1,0,0,0,1,0,0,0,0,1
0.0,0.549,19,1,0,0,0,0,0,0,0,0,1
0.0,0.262,11,1,1,11,0,1,0,0,0,0,1
0.0,0.226,10,1,0,0,0,1,0,0,0,0,1
0.003,0.633,16,1,1,16,1,0,0,0,0,0,1
0.0,0.405,8,1,0,0,0,1,0,0,0,0,1
0.005,0.307,15,1,0,6,0,0,0,0,0,0,1
0.0,0.031,10,1,0,0,0,1,0,0,0,0,1
0.0,0.408,9,0,1,11,0,0,0,0,0,0,1
0.0,0.288,13,1,0,6,0,0,0,0,0,0,1
0.0,0.258,11,0,0,0,1,0,0,0,0,0,1
0.0,0.385,18,1,0,0,0,1,0,0,0,0,1
0.0,0.11,12,1,1,12,0,1,0,0,0,0,1
0.0,0.497,9,1,1,8,0,1,0,0,0,0,1
0.003,0.839,11,1,0,0,0,0,0,0,0,0,1
0.0,0.556,8,1,0,7,0,0,0,0,0,0,1
0.0,0.122,14,1,0,0,1,0,0,0,0,0,1
0.0,0.372,10,1,0,13,0,1,0,0,0,0,1
0.0,0.16,11,1,0,5,0,1,0,0,0,0,1
0.0,0.255,15,0,0,0,0,1,0,0,0,0,1
0.0,0.612,10,1,0,0,0,0,0,0,0,0,1
0.001,0.125,12,0,0,6,0,0,0,0,0,0,1
0.002,0.3,14,0,0,21,0,0,0,0,0,0,1
0.0,0.286,15,1,0,14,0,1,0,0,0,0,1
0.0,0.121,8,1,1,8,0,0,0,0,0,0,1
0.0,0.328,13,1,0,0,0,0,0,0,0,0,1
0.0,0.919,11,1,0,0,1,0,0,0,0,0,1
0.0,0.391,7,1,0,0,0,1,0,0,0,0,1
0.0,0.467,6,1,0,0,0,1,0,0,0,0,1
0.002,0.557,11,1,0,7,0,0,0,0,0,0,1
0.0,0.516,17,0,0,0,1,0,0,0,0,0,1
0.0,0.477,10,1,0,0,0,1,0,0,0,0,1
0.001,0.129,11,0,0,10,0,1,0,0,0,0,1
0.0,0.421,16,1,0,4,0,1,0,0,0,0,1
0.0,0.055,10,0,0,0,1,1,0,0,0,0,1
0.0,0.113,14,0,0,2,1,1,0,0,0,0,1
0.0,0.557,7,0,0,12,0,1,0,0,0,0,1
0.0,0.651,13,1,1,23,0,0,0,0,0,0,1
0.0,0.645,14,0,0,5,1,0,0,0,0,0,1
0.0,0.073,12,1,1,8,0,1,0,0,0,0,1
0.0,0.129,16,0,0,11,0,0,0,1,0,0,1
0.001,0.332,16,1,1,16,0,1,0,0,0,0,1
0.0,0.994,10,1,0,8,0,0,0,0,0,0,1
0.0,0.787,17,1,0,0,1,1,0,0,0,0,1
0.0,0.101,9,1,0,0,0,1,0,0,0,0,1
0.0,0.808,10,1,0,7,0,0,0,0,0,0,1
0.0,0.433,10,1,1,10,0,0,0,0,0,0,1
0.0,0.778,12,0,0,10,1,0,0,0,0,0,1
0.0,0.127,11,1,0,0,0,1,0,0,0,0,1
0.001,0.085,9,0,0,0,0,1,0,0,0,0,1
0.006,0.667,15,1,0,14,0,0,0,0,0,0,1
0.002,0.454,8,0,0,5,0,0,0,0,0,0,1
0.0,0.641,14,1,1,14,0,0,0,0,0,0,1
0.0,0.068,10,1,0,9,1,0,0,0,0,0,1
0.0,0.421,9,1,0,0,0,0,0,0,0,0,1
0.0,0.43,8,1,0,0,0,1,0,0,0,0,1
0.0,0.247,10,1,0,0,0,0,0,0,0,0,1
0.0,0.817,7,1,0,0,0,0,0,0,0,0,1
0.0,0.802,15,0,0,9,0,0,0,0,0,0,1
0.0,0.628,11,0,0,0,1,1,0,0,0,0,1
0.0,0.909,15,1,0,6,0,0,0,0,0,0,1
0.0,0.224,10,1,0,5,0,0,0,0,0,0,1
0.001,0.361,11,0,0,10,0,0,0,1,0,0,1
0.0,0.41,11,1,0,0,1,0,0,0,0,0,1
0.0,0.964,8,0,0,0,0,1,0,0,0,0,1
0.0,0.266,9,0,1,7,1,1,0,0,0,0,1
0.0,0.095,13,1,0,0,0,0,0,0,0,0,1
0.0,0.543,7,1,0,13,0,0,0,0,0,0,1
0.0,0.641,11,1,0,16,1,1,0,0,0,0,1
0.0,0.823,11,1,0,0,0,0,0,0,0,0,1
0.0,0.13,13,1,0,0,0,1,0,0,0,0,1
0.0,0.143,11,0,0,0,0,0,0,0,0,0,1
0.0,0.639,8,1,0,9,0,0,0,0,0,0,1
0.0,0.742,8,1,1,8,0,0,0,0,0,0,1
0.0,0.502,7,1,1,6,0,1,0,0,0,0,1
0.0,0.148,13,1,0,4,0,1,0,0,0,0,1
0.0,0.13,10,1,0,0,0,1,0,0,0,0,1
0.0,0.077,13,1,0,0,0,1,0,0,0,0,1
0.0,0.233,11,1,0,3,0,0,0,0,0,0,1
0.001,0.279,7,1,0,0,0,0,0,0,0,0,1
0.001,0.327,13,0,0,13,0,0,0,0,0,0,1
0.0,0.573,9,1,0,0,0,1,0,0,0,0,1
0.0,0.518,13,1,0,4,0,0,0,0,0,0,1
0.0,0.448,11,1,1,10,0,0,0,0,0,0,1
0.0,0.313,10,1,0,0,0,0,0,0,0,0,1
0.0,0.059,10,1,0,0,0,1,0,0,0,0,1
0.0,0.777,12,1,0,14,0,1,0,0,0,0,1
0.0,0.338,12,0,0,9,0,0,0,1,0,0,1
0.0,0.225,10,1,0,17,0,1,0,0,0,0,1
0.0,0.982,11,1,0,0,0,1,0,0,0,0,1
0.0,0.94,11,1,0,0,0,1,0,0,0,0,1
0.0,0.651,13,1,0,0,0,0,0,0,0,0,1
0.0,0.423,9,1,1,9,0,0,0,0,0,0,1
0.002,0.642,10,1,0,21,0,0,0,0,0,0,1
0.002,0.579,18,1,0,15,0,0,0,0,0,0,1
0.0,0.393,12,1,0,5,1,0,0,0,0,0,1
0.0,0.711,16,0,0,7,1,1,0,0,0,0,1
0.0,0.97,7,1,1,6,0,1,0,0,0,0,1
0.023,0.997,8,0,0,12,0,0,0,1,0,0,1
0.0,0.779,12,0,0,0,0,1,0,0,0,0,1
0.0,0.337,7,1,0,4,0,0,0,0,0,0,1
0.0,0.125,10,1,0,0,0,0,0,0,0,0,1
0.0,0.981,14,1,0,8,0,0,0,0,0,0,1
0.0,0.652,16,1,0,0,0,1,0,0,0,0,1
0.0,0.992,12,1,0,0,0,1,0,0,0,0,1
0.0,0.652,11,0,0,0,0,0,0,0,0,0,1
0.001,0.321,13,0,0,6,0,0,0,1,0,0,1
0.0,0.299,7,1,0,0,0,0,0,0,0,0,1
0.0,0.049,16,1,0,25,0,1,0,0,0,0,1
0.0,0.991,11,1,0,0,0,0,0,0,0,0,1
0.0,0.062,12,0,0,0,0,1,0,0,0,0,1
0.002,0.386,12,1,1,20,0,0,0,0,0,0,1
0.0,0.291,10,0,0,0,0,0,0,0,0,0,1
0.0,0.698,7,1,0,0,0,0,0,0,0,0,1
0.0,0.063,20,0,1,9,0,1,0,0,0,0,1
0.0,0.302,15,1,0,0,0,0,0,0,0,0,1
0.0,0.759,8,1,0,0,0,1,0,0,0,0,1
0.0,0.151,15,0,0,0,0,1,0,0,0,0,1
0.001,0.554,15,1,0,5,1,0,0,0,0,0,1
0.0,0.242,11,1,0,0,0,1,0,0,0,0,1
0.0,0.7,10,1,1,8,0,0,0,0,0,0,1
0.0,0.212,9,1,1,9,0,1,0,0,0,0,1
0.0,0.215,17,1,0,0,1,1,0,0,0,0,1
0.0,0.086,14,1,0,0,1,1,0,0,0,0,1
0.0,0.242,13,1,0,0,0,1,0,0,0,0,1
0.0,0.102,11,0,0,9,1,0,0,0,0,0,1
0.0,0.681,11,1,0,0,0,0,0,0,0,0,1
0.0,0.851,7,1,1,13,0,0,0,0,0,0,1
0.0,0.742,8,1,0,1,0,0,0,0,0,0,1
0.0,0.64,12,1,0,0,0,0,0,0,0,0,1
0.0,0.201,10,1,0,0,0,0,0,0,0,0,1
0.0,0.08,16,1,0,0,0,1,0,0,0,0,1
0.0,0.507,15,1,0,7,0,0,0,0,0,0,1
0.0,0.04,9,1,0,8,0,1,0,0,0,0,1
0.0,0.088,16,0,0,6,0,0,0,1,0,1,1
0.0,0.137,9,1,1,9,0,1,0,0,0,0,1
0.0,0.062,10,0,0,0,0,1,0,0,0,0,1
0.0,0.973,7,1,0,0,0,0,0,0,0,0,1
0.0,0.158,13,1,0,11,0,1,0,0,0,0,1
0.0,0.767,8,0,0,0,0,0,0,0,0,0,1
0.0,0.94,12,0,0,0,0,1,0,0,0,0,1
0.0,0.619,14,1,0,0,1,0,0,0,0,0,1
0.0,0.559,11,0,0,4,0,1,0,0,0,0,1
0.0,0.949,9,1,0,5,0,0,0,0,0,0,1
0.0,0.515,9,1,0,0,0,1,0,0,0,0,1
0.0,0.123,12,1,0,0,0,1,0,0,0,0,1
0.0,0.393,7,1,0,1,1,1,0,0,0,0,1
0.0,0.544,8,1,0,7,0,0,0,0,0,0,1
0.0,0.222,8,1,0,0,0,0,0,0,0,0,1
0.004,0.336,6,1,0,4,0,0,0,0,0,0,1
0.001,0.921,14,0,0,22,0,0,0,0,0,1,1
0.0,0.142,11,1,0,0,0,1,0,0,0,0,1
0.0,0.124,10,1,0,0,0,1,0,0,0,0,1
0.0,0.095,9,1,0,4,0,0,0,0,0,0,1
0.0,0.915,9,1,0,5,0,0,0,0,0,0,1
0.0,0.317,10,0,0,10,0,0,0,0,0,0,1
0.0,0.19,7,1,0,0,0,0,0,0,0,0,1
0.0,0.372,8,1,0,8,0,0,0,0,0,0,1
0.0,0.052,7,1,0,0,0,1,0,0,0,0,1
0.002,0.807,8,0,0,21,0,0,0,0,0,0,1
0.0,0.957,9,1,0,0,0,1,0,0,0,0,1
0.0,0.465,9,1,0,0,0,0,0,0,0,0,1
0.0,0.064,13,1,0,0,0,1,0,0,0,0,1
0.0,0.615,13,0,0,0,0,1,0,0,0,0,1
0.0,0.258,9,1,0,0,0,0,0,0,0,0,1
0.0,0.97,9,1,0,0,0,0,0,0,0,0,1
0.0,0.499,11,1,1,11,0,0,0,0,0,0,1
0.001,0.12,9,0,0,0,0,0,0,0,0,0,1
0.0,0.954,9,1,0,0,0,1,0,0,0,0,1
0.0,0.041,7,0,0,3,0,1,0,0,0,0,1
0.0,0.584,19,1,0,0,0,0,0,0,0,0,1
0.0,0.188,19,1,0,0,0,0,0,0,0,0,1
0.0,0.273,10,1,0,0,1,1,0,0,0,0,1
0.0,0.033,10,1,0,0,0,1,0,0,0,0,1
0.001,0.318,10,1,0,0,0,1,0,0,0,0,1
0.0,0.99,11,1,0,5,0,1,0,0,0,0,1
0.0,0.195,13,1,0,0,0,1,0,0,0,0,1
0.0,0.809,10,1,0,8,0,0,0,0,0,0,1
0.0,0.468,13,1,0,9,1,1,0,0,0,0,1
0.0,0.376,15,0,0,5,1,1,0,0,0,0,1
0.0,0.38,9,1,0,5,0,1,0,0,0,0,1
0.0,0.5,9,0,0,12,0,0,0,1,0,0,1
0.0,0.315,9,1,0,0,0,0,0,0,0,0,1
0.002,0.225,15,0,0,15,0,0,0,0,0,0,1
0.004,0.57,12,0,0,27,0,0,0,0,0,1,1
0.0,0.606,19,1,0,0,0,0,0,0,0,0,1
0.0,0.087,10,1,0,0,0,0,0,0,0,0,1
0.0,0.455,8,1,0,25,0,0,0,1,0,0,1
0.0,0.074,9,0,0,8,0,0,0,0,0,0,1
0.002,0.425,13,0,0,0,0,1,0,0,0,0,1
0.0,0.619,12,1,0,9,0,0,0,0,0,0,1
0.0,0.328,10,0,0,0,0,1,0,0,0,0,1
0.001,0.229,11,0,0,9,0,1,0,1,0,0,1
0.0,0.58,8,1,0,0,0,0,0,0,0,0,1
0.001,0.117,16,1,0,15,0,0,0,0,0,1,1
0.0,0.098,19,0,0,19,0,0,0,0,0,0,1
0.0,0.891,6,0,0,0,0,1,0,0,0,0,1
0.0,0.999,12,1,0,6,0,0,0,0,0,0,1
0.0,0.965,13,1,1,16,0,0,0,0,0,0,1
0.0,0.991,8,1,0,0,0,0,0,0,0,0,1
0.004,0.249,14,0,0,0,0,0,0,0,0,0,1
0.0,0.244,8,1,0,7,0,1,0,0,0,0,1
0.0,0.652,13,1,0,0,0,1,0,0,0,0,1
0.0,0.977,12,1,1,12,0,1,0,0,0,0,1
0.0,0.555,8,1,0,7,0,0,0,0,0,0,1
0.0,0.259,14,1,0,0,1,1,0,0,0,0,1
0.0,0.287,13,1,0,0,0,1,0,0,0,0,1
0.0,0.18,10,1,0,12,0,1,0,0,0,0,1
0.002,0.11,18,0,0,16,0,0,0,0,0,0,1
0.0,0.423,10,1,0,0,0,1,0,0,0,0,1
0.0,0.063,12,1,0,0,0,1,0,0,0,0,1
0.003,0.256,8,1,0,0,0,1,0,0,0,0,1
0.002,0.675,11,1,0,0,0,0,0,0,0,0,1
0.0,0.511,8,1,0,8,0,0,0,0,0,0,1
0.0,0.687,8,0,0,4,1,0,0,0,0,0,1
0.0,0.218,12,1,0,0,0,0,0,0,0,0,1
0.0,0.513,13,0,0,7,1,1,0,0,0,0,1
0.0,0.032,11,0,0,17,0,1,0,1,0,0,1
0.0,0.218,8,1,0,0,0,1,0,0,0,0,1
0.0,0.803,11,1,0,5,0,0,0,0,0,0,1
0.0,0.172,10,1,0,0,0,0,0,0,0,0,1
0.012,0.098,17,0,0,17,0,0,0,1,0,0,1
0.0,0.79,9,0,0,0,0,1,0,0,0,0,1
0.0,0.973,8,1,0,7,0,0,0,0,0,0,1
0.0,0.345,10,1,0,6,0,0,0,0,0,0,1
0.0,0.68,9,1,0,6,0,0,0,0,0,0,1
0.0,0.244,15,0,0,15,0,0,0,0,0,0,1
0.0,0.642,13,0,0,0,1,0,0,0,0,0,1
0.0,0.581,19,1,0,0,0,0,0,0,0,0,1
0.0,0.355,6,1,0,0,0,0,0,0,0,0,1
0.0,0.12,8,1,0,0,0,1,0,0,0,0,1
0.0,0.678,9,1,0,0,0,1,0,0,0,0,1
0.0,0.564,11,1,0,0,0,0,0,0,0,0,1
0.0,0.322,9,1,0,0,0,0,0,0,0,0,1
0.0,0.324,10,0,0,8,0,0,0,0,0,0,1
0.0,0.501,13,0,0,13,1,1,0,0,0,0,1
0.0,0.118,9,1,0,0,0,0,0,0,0,0,1
0.0,0.201,10,1,0,0,0,1,0,0,0,0,1
0.0,0.511,14,1,0,0,1,0,0,0,0,0,1
0.0,0.656,10,1,0,0,0,0,0,0,0,0,1
0.0,0.39,22,0,0,0,0,0,0,0,0,0,1
0.0,0.031,11,1,0,0,0,1,0,0,0,0,1
0.0,0.094,6,1,0,0,0,0,0,0,0,0,1
0.0,0.248,15,0,0,0,0,0,0,0,0,0,1
0.0,0.402,10,1,0,9,0,0,0,0,0,1,1
0.0,0.125,9,0,0,0,0,0,0,0,0,0,1
0.0,0.421,7,0,0,0,0,0,0,0,0,0,1
0.0,0.703,13,1,0,7,0,0,0,0,0,0,1
0.0,0.89,10,1,0,0,0,1,0,0,0,0,1
0.0,0.982,15,0,0,6,1,0,0,0,0,0,1
0.0,0.708,9,1,1,9,0,1,0,0,0,0,1
0.0,0.144,11,0,0,0,0,0,0,0,0,0,1
0.0,0.057,9,1,0,6,1,0,0,0,0,0,1
0.001,0.363,23,0,0,20,0,0,0,0,0,1,1
0.0,0.154,8,1,0,0,0,0,0,0,0,0,1
0.0,0.116,7,1,0,0,0,1,0,0,0,0,1
0.0,0.387,10,0,0,0,0,0,0,0,0,0,1
0.0,0.87,10,0,0,10,0,1,0,0,0,0,1
0.0,0.225,12,1,0,0,0,0,0,0,0,0,1
0.0,0.376,9,1,0,0,0,0,0,0,0,0,1
0.0,0.962,11,0,0,0,0,0,0,0,0,0,1
0.0,0.348,9,1,1,8,0,0,0,0,0,0,1
0.002,0.244,22,0,0,17,0,1,0,0,0,0,1
0.0,0.094,12,1,0,10,0,1,0,0,0,0,1
0.0,0.834,15,0,0,0,0,0,0,1,0,0,1
0.0,0.409,7,1,0,0,0,1,0,0,0,0,1
0.002,0.362,20,1,0,16,0,0,0,1,0,0,1
0.0,0.663,12,1,0,7,0,0,0,0,0,0,1
0.0,0.927,8,1,1,11,0,0,0,0,0,0,1
0.0,0.996,9,1,0,0,0,1,0,0,0,0,1
0.0,0.303,13,1,0,0,0,0,0,0,0,0,1
0.0,0.853,11,1,1,11,0,0,0,0,0,0,1
0.0,0.128,11,1,0,5,0,1,0,0,0,0,1
0.0,0.643,11,1,0,0,0,0,0,0,0,0,1
0.0,0.287,18,1,1,18,0,0,0,0,0,0,1
0.0,0.062,9,1,0,6,0,1,0,0,0,0,1
0.001,0.356,11,0,0,6,1,1,0,0,0,0,1
0.0,0.343,15,1,0,0,0,1,0,0,0,0,1
0.0,0.471,13,1,0,0,0,0,0,0,0,0,1
0.0,0.07,12,1,0,0,0,1,0,0,0,0,1
0.0,0.249,11,1,0,6,0,0,0,0,0,0,1
0.0,0.024,9,1,0,5,0,1,0,0,0,0,1
0.0,0.442,9,1,0,0,0,0,0,0,0,0,1
0.0,0.35,14,1,0,4,0,0,0,0,0,0,1
0.0,0.015,12,1,0,0,0,1,0,0,0,0,1
0.0,0.843,11,1,0,0,0,1,0,0,0,0,1
0.0,0.602,15,1,1,15,0,0,0,0,0,0,1
0.0,0.88,10,1,0,5,0,1,0,0,0,0,1
0.0,0.583,12,0,0,0,0,0,0,1,0,0,1
0.0,0.841,9,1,0,0,0,0,0,0,0,0,1
0.0,0.619,13,0,0,13,0,0,0,0,0,0,1
0.0,0.094,9,1,0,0,0,1,0,0,0,0,1
0.0,0.891,15,1,1,14,1,0,0,0,0,0,1
0.0,0.536,8,1,0,1,0,1,0,0,0,0,1
0.0,0.172,10,1,0,0,0,1,0,0,0,0,1
0.0,0.403,12,1,0,21,0,1,0,0,0,0,1
0.0,0.366,10,1,0,0,0,0,0,0,0,0,1
0.0,0.035,13,0,0,25,0,0,0,0,0,0,1
0.0,0.798,7,0,0,0,0,1,0,0,0,0,1
0.0,0.296,12,1,0,7,1,0,0,0,0,0,1
0.0,0.08,15,0,0,10,0,1,0,0,0,0,1
0.0,0.246,11,1,0,0,0,0,0,0,0,0,1
0.0,0.088,17,0,0,17,1,1,0,0,0,0,1
0.001,0.588,17,0,0,14,0,0,0,0,0,0,1
0.0,0.165,14,0,0,5,1,0,0,0,0,0,1
0.001,0.81,11,0,0,1,1,0,0,0,0,0,1
0.001,0.324,13,0,0,14,0,1,0,0,0,0,1
0.0,0.864,12,1,1,12,0,0,0,0,0,0,1
0.0,0.639,7,1,0,6,0,0,0,0,0,0,1
0.0,0.976,8,1,0,7,0,0,0,0,0,0,1
0.003,0.736,15,0,0,0,0,0,0,0,0,0,1
0.0,0.109,15,1,0,5,0,0,0,0,0,0,1
0.0,0.138,8,0,0,0,0,1,0,0,0,0,1
0.0,0.188,10,0,0,6,0,0,0,0,0,0,1
0.002,0.065,17,0,0,21,0,0,0,1,0,0,1
0.0,0.366,17,1,0,6,1,1,0,0,0,0,1
0.0,0.057,17,1,0,0,1,1,0,0,0,0,1
0.0,0.942,10,1,0,0,0,0,0,0,0,0,1
0.0,0.822,8,1,0,6,0,0,0,0,0,0,1
0.0,0.071,11,1,0,5,0,0,0,0,0,0,1
0.0,0.063,9,1,0,0,0,1,0,0,0,0,1
0.0,0.252,7,1,0,0,0,0,0,0,0,0,1
0.0,0.145,11,1,0,4,0,0,0,0,0,0,1
0.0,0.113,10,1,0,7,1,0,0,0,0,0,1
0.0,0.998,9,1,1,9,0,0,0,0,0,0,1
0.0,0.184,11,0,0,0,0,0,0,0,0,0,1
0.0,0.063,10,1,0,0,0,1,0,0,0,0,1
0.0,0.093,9,1,0,0,0,1,0,0,0,0,1
0.0,0.247,9,0,0,5,0,1,0,0,0,0,1
0.002,0.199,15,1,0,0,0,0,0,0,0,0,1
0.0,0.925,8,1,0,9,0,0,0,0,0,0,1
0.0,0.481,10,1,1,9,0,1,0,0,0,0,1
0.0,0.956,8,1,0,7,0,0,0,0,0,0,1
0.0,0.352,7,1,0,0,1,0,0,0,0,0,1
0.0,0.159,9,1,0,0,0,1,0,0,0,0,1
0.0,0.39,10,1,0,0,0,0,0,0,0,0,1
0.001,0.113,10,0,0,7,1,0,0,0,0,0,1
0.0,0.094,11,1,1,8,0,1,0,0,0,0,1
0.0,0.434,13,1,1,12,0,1,0,0,0,0,1
0.0,0.075,10,0,0,5,0,1,0,0,0,0,1
0.0,0.476,11,1,1,9,1,1,0,0,0,0,1
0.0,0.101,12,1,0,0,0,1,0,0,0,0,1
0.0,0.993,9,1,0,6,0,0,0,0,0,1,1
0.0,0.961,10,1,0,0,0,0,0,0,0,0,1
0.0,0.201,10,1,0,2,0,1,0,0,0,0,1
0.001,0.146,9,0,0,11,0,1,0,0,0,0,1
0.0,0.142,8,1,0,0,0,0,0,0,0,0,1
0.001,0.091,12,1,0,17,0,0,0,0,0,1,1
0.0,0.835,10,1,0,0,0,0,0,0,0,0,1
0.0,0.173,9,1,0,0,0,1,0,0,0,0,1
0.002,0.309,13,1,0,9,0,0,0,0,0,0,1
0.001,0.661,15,1,0,8,0,0,0,0,0,0,1
0.0,0.571,9,1,0,0,0,1,0,0,0,0,1
0.0,0.201,9,0,0,0,0,0,0,0,0,0,1
0.0,0.167,13,1,0,0,0,0,0,0,0,0,1
0.001,0.38,19,0,0,19,0,0,0,1,0,0,1
0.0,0.342,13,1,0,10,0,1,0,1,0,0,1
0.0,0.844,13,1,0,0,0,1,0,0,0,0,1
0.013,0.37,7,1,0,14,0,0,0,1,0,0,1
0.0,0.598,8,1,0,0,0,1,0,0,0,0,1
0.0,0.314,11,1,1,11,0,1,0,0,0,1,1
0.002,0.28,11,0,0,30,0,0,0,0,0,0,1
0.0,0.506,11,0,0,16,0,1,0,0,0,0,1
0.0,0.249,14,1,0,0,0,1,0,0,0,0,1
0.002,0.151,16,1,0,6,0,0,0,0,0,0,1
0.0,0.031,17,0,0,4,0,1,0,0,0,0,1
0.0,0.257,11,1,0,0,0,1,0,0,0,0,1
0.0,0.999,8,1,0,0,0,0,0,0,0,0,1
0.0,0.34,10,1,0,0,0,1,0,0,0,0,1
0.0,0.212,13,0,0,0,0,1,0,0,0,0,1
0.0,0.825,14,1,0,0,1,1,0,0,0,0,1
0.0,0.846,9,1,0,5,0,1,0,0,0,0,1
0.0,0.964,9,1,0,0,0,1,0,0,0,0,1
0.0,0.945,9,1,0,0,0,1,0,0,0,0,1
0.001,0.097,15,1,0,7,0,0,0,1,0,0,1
0.007,0.426,11,0,0,1,0,0,0,1,0,0,1
0.0,0.032,10,0,0,0,0,1,0,0,0,0,1
0.001,0.144,12,1,1,12,1,1,0,0,0,0,1
0.0,0.04,13,0,0,12,0,0,0,0,0,0,1
0.0,0.342,14,1,0,0,0,0,0,0,0,0,1
0.0,0.97,9,0,0,5,0,1,0,0,0,0,1
0.001,0.142,21,1,0,0,0,0,0,0,0,0,1
0.0,0.755,17,1,0,0,0,0,0,0,0,0,1
0.0,0.45,13,1,0,2,0,0,0,0,0,0,1
0.0,0.303,8,1,0,0,0,0,0,0,0,0,1
0.0,0.225,11,1,0,0,1,0,0,0,0,0,1
0.0,0.25,16,1,0,4,0,1,0,0,0,0,1
0.0,0.594,9,1,0,0,0,0,0,0,0,0,1
0.0,0.433,12,1,0,0,0,0,0,0,0,0,1
0.0,0.675,11,1,0,14,0,0,0,0,0,0,1
0.0,0.155,9,0,0,8,0,0,0,0,0,0,1
0.0,0.693,15,1,0,10,0,1,0,0,0,0,1
0.0,0.077,8,1,0,0,0,1,0,0,0,0,1
0.0,0.427,14,1,0,0,0,0,0,0,0,0,1
0.0,0.711,12,0,0,0,1,0,0,0,0,0,1
0.0,0.701,12,0,0,18,0,0,0,0,0,0,1
0.0,0.399,14,1,0,0,1,0,0,0,0,0,1
0.001,0.183,13,1,0,0,0,1,0,0,0,0,1
0.0,0.128,8,1,0,0,0,1,0,0,0,0,1
0.002,0.07,12,1,0,17,0,0,0,0,0,0,1
0.0,0.669,15,1,0,13,1,0,0,0,0,0,1
0.0,0.713,11,1,0,0,0,0,0,0,0,0,1
0.0,0.557,12,0,0,0,0,0,0,0,0,0,1
0.0,0.444,15,1,0,0,0,0,0,0,0,0,1
0.0,0.937,10,1,0,8,0,0,0,0,0,0,1
0.0,0.959,9,1,0,0,0,1,0,0,0,0,1
0.0,0.995,13,1,0,0,0,0,0,0,0,0,1
0.0,0.545,10,0,0,10,0,0,0,0,0,0,1
0.0,0.328,18,1,0,25,1,0,0,0,0,0,1
0.0,0.595,11,1,0,0,0,0,0,0,0,0,1
0.0,0.311,9,1,0,0,1,1,0,0,0,0,1
0.0,0.152,10,0,0,0,0,0,0,0,0,0,1
0.0,0.225,9,0,0,0,0,1,0,0,0,0,1
0.0,0.904,8,1,0,6,0,0,0,0,0,0,1
0.0,0.378,9,0,0,2,0,0,0,0,0,0,1
0.0,0.133,11,0,0,0,0,1,0,0,0,0,1
0.0,0.663,10,1,0,10,0,0,0,0,0,0,1
0.0,0.362,9,0,0,10,0,1,0,0,0,0,1
0.0,0.43,10,1,0,0,0,0,0,0,0,0,1
0.0,0.278,10,1,0,0,0,0,0,0,0,0,1
0.0,0.063,6,1,0,0,0,1,0,0,0,0,1
0.0,0.482,9,1,0,0,0,1,0,0,0,0,1
0.0,0.063,10,1,0,0,0,1,0,0,0,0,1
0.0,0.222,11,1,0,0,0,1,0,0,0,0,1
0.0,0.265,9,0,0,4,0,1,0,0,0,0,1
0.0,0.947,9,1,0,0,0,0,0,0,0,0,1
0.001,0.238,22,1,1,22,0,1,0,0,0,0,1
0.0,0.411,8,1,0,4,1,0,0,0,0,0,1
0.0,0.667,8,1,0,0,0,0,0,0,0,0,1
0.0,0.679,10,1,1,8,0,0,0,0,0,0,1
0.0,0.678,10,1,0,0,0,0,0,0,0,0,1
0.003,0.996,10,1,0,11,0,0,0,0,0,0,1
0.003,0.577,17,0,0,11,0,0,0,1,0,0,1
0.0,0.038,14,1,0,0,0,1,0,0,0,0,1
0.0,0.258,15,0,0,0,1,1,0,0,0,0,1
0.002,0.503,13,0,0,10,0,0,0,0,0,0,1
0.0,0.329,8,0,0,0,0,0,0,0,0,0,1
0.003,0.32,13,0,0,13,1,0,0,0,0,0,1
0.0,0.715,15,1,0,0,0,0,0,0,0,0,1
0.0,0.077,18,0,0,25,0,0,0,1,0,0,1
0.0,0.513,11,0,0,11,1,1,0,0,0,0,1
0.0,0.086,10,1,1,10,0,1,0,0,0,0,1
0.0,0.053,21,1,0,0,0,1,0,0,0,0,1
0.0,0.255,10,0,0,0,0,0,0,0,0,0,1
0.0,0.282,12,1,0,0,0,0,0,0,0,0,1
0.0,0.16,12,1,0,0,0,1,0,0,0,0,1
0.0,0.381,9,1,0,4,0,0,0,0,0,0,1
0.0,0.225,11,0,0,11,0,0,0,0,0,0,1
0.0,0.191,13,1,0,22,0,0,0,0,0,0,1
0.001,0.236,9,0,0,7,1,0,0,0,0,0,1
0.002,0.078,10,0,0,22,0,1,0,0,0,0,1
0.003,0.496,15,0,1,3,0,1,0,0,0,1,1
0.0,0.063,10,1,0,0,0,1,0,0,0,0,1
0.003,0.551,11,1,1,11,1,0,0,0,0,0,1
0.0,0.741,12,1,1,8,0,1,0,0,0,0,1
0.0,0.549,9,0,0,0,0,1,0,0,0,0,1
0.0,0.546,11,1,1,11,0,0,0,0,0,1,1
0.0,0.436,11,1,0,0,0,0,0,0,0,0,1
0.0,0.31,14,1,0,0,0,0,0,0,0,0,1
0.002,0.093,18,0,0,30,0,0,0,0,0,0,1
0.0,0.925,9,1,0,0,0,1,0,0,0,0,1
0.001,0.186,19,0,0,12,0,0,0,0,0,0,1
0.0,0.084,8,0,0,0,0,1,0,0,0,0,1
0.0,0.714,8,1,1,8,0,0,0,0,0,0,1
0.0,0.851,8,0,0,8,0,1,0,0,0,0,1
0.0,0.177,12,1,0,0,0,1,0,0,0,0,1
0.0,0.978,10,0,0,0,0,1,0,0,0,0,1
0.0,0.26,13,1,0,10,1,1,0,0,0,0,1
0.0,0.523,5,1,0,0,0,0,0,0,0,0,1
0.0,0.031,11,0,0,0,0,1,0,0,0,0,1
0.0,0.312,12,1,0,0,0,1,0,0,0,0,1
0.0,0.106,13,0,0,9,0,1,0,0,0,0,1
0.005,0.384,20,1,0,15,0,0,0,0,0,0,1
0.0,0.837,9,1,0,4,0,0,0,0,0,0,1
0.0,0.503,11,1,0,0,1,0,0,0,0,0,1
0.0,0.068,10,0,0,7,0,1,0,0,0,0,1
0.0,0.065,18,0,0,12,0,1,0,1,0,0,1
0.0,0.682,10,1,0,0,0,1,0,0,0,0,1
0.0,0.638,14,1,1,13,0,0,0,0,0,0,1
0.002,0.373,8,1,0,4,0,0,0,1,0,0,1
0.0,0.194,11,1,0,0,0,1,0,0,0,0,1
0.0,0.266,19,1,0,0,0,0,0,0,0,0,1
0.0,0.992,8,1,0,0,0,0,0,0,0,0,1
0.0,0.148,12,0,0,0,0,0,0,0,0,1,1
0.0,0.061,8,1,0,8,0,1,0,0,0,0,1
0.0,0.378,9,1,0,4,0,0,0,0,0,0,1
0.001,0.555,12,1,0,10,0,0,0,0,0,0,1
0.0,0.944,8,1,0,0,0,1,0,0,0,0,1
0.0,0.68,10,1,0,0,1,0,0,0,0,0,1
0.001,0.23,11,1,0,14,0,0,0,0,0,0,1
0.0,0.518,13,1,0,0,0,0,0,0,0,0,1
0.0,0.026,11,1,0,0,0,1,0,0,0,0,1
0.0,0.709,12,0,0,13,0,0,0,0,0,0,1
0.0,0.668,11,1,0,3,0,1,0,0,0,0,1
0.0,0.23,10,1,0,1,0,0,0,0,0,0,1
0.0,0.92,15,1,1,14,0,1,0,0,0,0,1
0.0,0.127,14,1,0,13,0,0,0,0,0,0,1
0.0,0.322,20,1,0,0,0,0,0,0,0,0,1
0.0,0.084,13,1,1,13,0,1,0,0,0,0,1
0.006,0.688,20,0,0,21,0,0,0,0,0,0,1
0.0,0.703,11,1,1,11,0,0,0,0,0,0,1
0.0,0.655,12,1,0,0,0,0,0,0,0,0,1
0.0,0.133,6,1,0,9,0,1,0,0,0,0,1
0.007,0.999,10,1,0,15,0,0,0,0,0,0,1
0.0,0.105,16,1,0,0,0,1,0,0,0,0,1
0.011,0.994,15,0,0,29,1,0,0,0,0,1,1
0.0,0.13,10,1,1,10,0,1,0,0,0,0,1
0.0,0.12,13,1,0,0,0,0,0,0,0,0,1
0.0,0.073,7,1,0,8,0,1,0,0,0,0,1
0.0,0.112,14,1,0,13,1,0,0,0,0,0,1
0.001,0.133,10,1,0,0,0,1,0,0,0,0,1
0.0,0.159,10,1,0,4,0,1,0,0,0,0,1
0.0,0.064,11,1,0,5,0,1,0,0,0,0,1
0.0,0.064,9,0,0,0,0,1,0,0,0,0,1
0.001,0.226,12,0,0,0,1,1,0,0,0,0,1
0.0,0.609,10,1,0,0,0,0,0,0,0,0,1
0.004,0.127,14,1,0,13,0,0,0,0,0,0,1
0.0,0.938,12,1,1,12,0,0,0,0,0,0,1
0.001,0.271,16,1,0,8,0,0,0,0,0,0,1
0.0,0.511,10,1,0,0,0,0,0,0,0,0,1
0.002,0.195,10,0,0,0,0,0,0,0,0,0,1
0.0,0.195,11,1,0,0,0,0,0,0,0,0,1
0.0,0.387,11,1,1,11,0,1,0,0,0,0,1
0.003,0.625,17,1,1,17,0,0,0,0,0,0,1
0.003,0.599,9,1,0,13,0,0,0,0,0,0,1
0.0,0.382,14,1,1,13,0,0,0,0,0,0,1
0.0,0.246,10,1,0,0,0,0,0,0,0,0,1
0.0,0.063,16,0,0,4,0,1,0,0,0,0,1
0.0,0.879,9,1,0,0,1,1,0,0,0,0,1
0.0,0.378,9,0,0,5,0,0,0,1,0,0,1
0.0,0.985,18,0,0,5,0,1,0,0,0,1,1
0.0,0.454,17,1,0,14,0,0,0,0,0,0,1
0.0,0.271,11,0,0,0,1,0,0,0,0,0,1
0.0,0.046,13,1,0,14,0,1,0,0,0,0,1
0.0,0.254,12,1,1,12,0,1,0,0,0,0,1
0.006,0.778,18,0,0,0,1,0,0,0,0,0,1
0.0,0.86,9,1,0,6,0,0,0,0,0,0,1
0.0,0.335,22,1,0,26,1,0,0,0,0,0,1
0.0,0.531,13,1,0,0,0,0,0,0,0,0,1
0.0,0.444,6,0,0,0,0,0,0,0,0,0,1
0.0,0.621,8,0,0,5,0,0,0,0,0,0,1
0.0,0.991,9,0,0,9,0,0,0,0,0,0,1
0.0,0.817,10,0,0,8,0,1,0,0,0,0,1
0.0,0.93,15,0,0,22,1,1,0,0,0,0,1
0.0,0.53,13,1,0,0,0,0,0,0,0,0,1
0.0,0.877,10,1,1,11,0,0,0,0,0,0,1
0.001,0.237,14,1,0,0,0,0,0,0,0,0,1
0.004,0.997,13,1,0,5,0,0,0,0,0,0,1
0.0,0.062,6,1,0,0,0,0,0,0,0,0,1
0.0,0.939,8,1,1,8,0,1,0,0,0,0,1
0.0,0.034,10,1,1,6,0,0,0,0,0,0,1
0.0,0.418,10,1,0,5,1,1,0,0,0,0,1
0.0,0.061,11,0,0,5,0,1,0,0,0,0,1
0.003,0.615,9,1,0,6,0,0,0,0,0,0,1
0.001,0.161,9,1,0,5,0,0,0,0,0,0,1
0.0,0.74,11,1,0,0,0,1,0,0,0,0,1
0.0,0.125,15,0,0,0,0,1,0,0,0,0,1
0.0,0.082,8,1,1,7,0,1,0,0,0,0,1
0.0,0.79,13,1,1,13,0,0,0,0,0,0,1
0.0,0.071,7,0,0,0,0,1,0,0,0,0,1
0.002,0.447,14,1,0,10,0,0,0,0,0,0,1
0.0,0.307,11,0,0,9,0,0,0,0,0,0,1
0.001,0.235,12,1,0,0,0,0,0,1,0,0,1
0.0,0.464,10,1,0,5,1,1,0,0,0,0,1
0.0,0.453,16,1,1,16,0,1,0,0,0,0,1
0.0,0.238,9,1,0,5,0,0,0,0,0,0,1
0.0,0.745,11,1,1,9,0,0,0,0,0,0,1
0.0,0.206,6,0,0,4,0,1,0,0,0,0,1
0.001,0.261,9,0,0,0,0,0,0,0,0,0,1
0.0,0.262,11,1,0,0,0,1,0,0,0,0,1
0.0,0.204,14,0,0,4,0,1,0,0,0,0,1
0.0,1.0,15,1,0,0,0,0,0,0,0,0,1
0.0,0.58,9,1,1,8,0,0,0,0,0,0,1
0.0,0.192,9,1,0,6,0,1,0,0,0,0,1
0.0,0.276,11,1,0,5,0,0,0,0,0,0,1
0.0,0.48,17,1,0,0,1,1,0,0,0,0,1
0.002,0.343,15,0,0,16,0,0,0,1,0,0,1
0.0,0.99,13,0,0,0,0,1,0,0,0,0,1
0.0,0.644,11,1,0,5,1,0,0,0,0,0,1
0.001,0.345,13,0,0,14,0,0,0,0,0,0,1
0.0,0.033,11,1,1,7,0,1,0,0,0,0,1
0.0,0.964,15,1,0,0,0,0,0,0,0,0,1
0.0,0.76,8,1,0,0,1,0,0,0,0,0,1
0.0,0.281,12,1,0,0,0,1,0,0,0,0,1
0.001,0.06,14,1,1,14,0,1,0,0,0,0,1
0.0,0.557,16,0,0,0,0,0,0,0,0,0,1
0.0,0.961,12,0,0,8,0,0,0,0,0,0,1
0.0,0.122,9,1,0,0,0,1,0,0,0,0,1
0.005,0.073,14,1,0,8,1,0,0,0,0,0,0
0.005,0.623,12,0,0,25,0,0,0,1,0,0,0
0.035,0.266,18,0,0,8,0,0,0,0,0,1,0
0.001,0.106,11,0,0,6,0,0,0,1,0,1,0
0.003,0.041,20,0,0,17,0,0,0,1,0,0,0
0.0,0.087,9,1,0,12,1,0,0,0,0,1,0
0.001,0.093,20,0,0,14,0,0,0,0,0,0,0
0.002,0.447,17,0,0,6,1,0,0,0,0,0,0
0.001,0.412,15,0,0,5,0,0,0,0,0,0,0
0.001,0.288,17,1,0,14,1,0,0,0,0,0,0
0.001,0.077,10,0,0,7,0,0,0,0,0,0,0
0.001,0.09,9,0,0,4,1,0,0,0,0,0,0
0.0,0.069,11,0,0,0,1,0,0,0,0,0,0
0.005,0.195,10,0,0,6,0,0,0,1,0,1,0
0.001,0.072,24,0,0,12,0,0,0,1,0,1,0
0.003,0.978,10,1,0,5,0,0,0,0,0,0,0
0.007,0.203,10,0,0,16,0,0,0,1,0,1,0
0.006,0.983,13,0,0,14,0,0,0,0,0,0,0
0.002,0.323,6,0,0,16,0,0,0,1,0,0,0
0.004,0.537,14,0,0,12,0,0,0,1,0,1,0
0.001,0.046,12,0,0,18,0,0,0,1,0,1,0
0.0,0.04,11,1,0,23,1,0,0,0,0,0,0
0.007,0.32,15,0,0,16,0,0,0,1,0,0,0
0.0,0.355,15,0,0,3,1,0,0,0,0,0,0
0.001,0.876,13,0,0,6,1,0,0,0,0,0,0
0.007,0.503,18,1,0,12,0,0,0,1,0,1,0
0.02,0.121,13,0,0,26,0,0,0,1,0,1,0
0.005,0.104,11,0,0,5,0,0,0,0,0,1,0
0.005,0.424,11,0,0,30,0,0,0,1,1,1,0
0.002,0.705,21,0,0,17,0,0,0,0,0,1,0
0.0,0.177,8,0,0,0,1,0,0,0,0,0,0
0.0,0.163,15,0,0,16,1,0,0,0,0,0,0
0.001,0.557,12,0,0,10,0,0,0,0,0,0,0
0.002,0.082,16,0,0,13,0,0,0,0,0,1,0
0.001,0.052,10,0,0,7,1,0,0,0,0,0,0
0.001,0.165,12,0,0,15,0,0,0,0,0,1,0
0.006,0.346,11,0,0,25,0,0,0,1,0,0,0
0.013,0.058,14,0,0,15,0,0,0,0,0,0,0
0.01,0.081,11,0,0,21,0,0,0,0,0,0,0
0.011,0.226,9,0,0,13,0,0,0,1,0,1,0
0.011,0.039,9,0,0,29,0,0,0,0,0,1,0
0.03,0.042,9,0,0,29,0,0,0,1,0,1,0
0.019,0.168,13,0,0,14,0,0,0,1,0,1,0
0.009,0.942,17,0,0,18,0,0,0,0,0,1,0
0.007,0.542,14,0,0,13,0,0,0,1,0,0,0
0.036,0.154,12,0,0,10,0,0,0,1,0,0,0
0.003,0.109,22,0,0,30,0,0,0,1,0,0,0
0.137,0.007,9,0,0,23,0,0,0,1,0,1,0
0.002,0.132,15,0,0,13,1,0,0,0,0,0,0
0.013,0.116,14,1,0,20,0,0,0,0,0,0,0
0.001,0.023,14,0,0,14,0,0,0,1,0,1,0
0.001,0.117,10,1,0,9,1,0,0,0,0,0,0
0.001,0.061,11,0,0,8,0,0,0,1,0,0,0
0.002,0.083,10,0,0,7,0,0,0,1,0,1,0
0.0,0.045,9,0,0,4,1,0,0,0,0,0,0
0.001,0.073,14,0,0,14,0,0,0,0,0,1,0
0.0,0.053,15,1,0,0,1,0,0,0,0,0,0
0.0,0.071,6,1,0,0,1,0,0,0,0,0,0
0.0,0.08,11,1,0,17,1,0,0,0,0,0,0
0.001,0.105,19,0,0,28,0,0,0,1,0,0,0
0.0,0.15,18,0,0,22,0,0,0,0,0,1,0
0.003,0.229,11,0,0,6,0,0,0,0,0,1,0
0.001,0.0,16,0,0,16,0,0,0,1,0,0,0
0.0,0.027,16,1,0,13,0,0,0,0,0,0,0
0.001,0.007,20,0,0,4,0,0,0,0,0,0,0
0.0,0.048,17,1,0,14,1,0,0,0,0,0,0
0.0,0.071,17,0,0,11,1,0,0,0,0,0,0
0.0,0.082,13,0,0,13,1,0,0,0,0,0,0
0.001,0.154,16,0,0,11,0,0,0,1,0,1,0
0.0,0.052,9,1,0,0,1,0,0,0,0,0,0
0.0,0.041,13,0,0,0,1,0,0,0,0,0,0
0.0,0.042,9,0,0,7,1,0,0,0,0,0,0
1.0,0.029,8,0,0,22,0,0,0,0,0,1,0
0.0,0.059,14,0,0,13,1,0,0,0,0,0,0
0.0,0.054,17,0,0,15,1,0,0,0,0,0,0
0.001,0.243,9,0,0,15,0,0,0,1,0,0,0
0.0,0.129,10,0,0,21,1,0,0,0,0,1,0
0.0,0.045,13,0,0,18,1,0,0,0,0,0,0
0.0,0.052,15,0,0,0,1,0,0,0,0,0,0
0.0,0.149,11,0,0,8,1,0,0,0,0,0,0
0.0,0.08,12,0,0,13,1,0,0,0,0,0,0
0.0,0.065,11,0,0,12,1,0,0,0,0,1,0
0.0,0.041,8,0,0,2,1,0,0,0,0,0,0
0.0,0.024,16,0,0,16,1,0,0,0,0,0,0
0.0,0.117,13,0,0,13,1,0,0,0,0,0,0
0.0,0.089,13,0,0,11,1,0,0,0,0,1,0
0.001,0.17,11,0,0,13,1,0,0,0,0,1,0
0.0,0.102,12,0,0,15,1,0,0,0,0,0,0
0.0,0.02,9,0,0,14,1,0,0,0,0,0,0
0.0,0.081,18,1,0,15,1,0,0,0,0,0,0
0.0,0.115,9,0,0,8,1,0,0,0,0,0,0
0.0,0.049,12,0,0,28,1,0,0,0,0,0,0
0.0,0.096,11,0,0,0,1,0,0,0,0,0,0
